scene;conf
airfield;0.058650
airplane_cabin;0.148054
airport_terminal;0.514544
alcove;0.719754
alley;0.936603
amphitheater;0.941596
amusement_arcade;0.611401
amusement_park;0.956195
apartment_building/outdoor;0.805194
aquarium;0.583204
aqueduct;0.803452
arcade;0.431675
arch;0.862809
archaelogical_excavation;0.578130
archive;0.920284
arena/hockey;0.012474
arena/performance;0.127096
arena/rodeo;0.310710
army_base;0.121813
art_gallery;0.720465
art_school;0.701449
art_studio;0.838209
artists_loft;0.515141
assembly_line;0.667462
athletic_field/outdoor;0.373765
atrium/public;0.455054
attic;0.348488
auditorium;0.358230
auto_factory;0.641202
auto_showroom;0.071232
badlands;0.083563
bakery/shop;0.654179
balcony/exterior;0.615486
balcony/interior;0.805564
ball_pit;0.963201
ballroom;0.259932
bamboo_forest;0.617285
bank_vault;0.247023
banquet_hall;0.082808
bar;0.473540
barn;0.356477
barndoor;0.785662
baseball_field;0.301481
basement;0.838203
basketball_court/indoor;0.046099
bathroom;0.512418
bazaar/indoor;0.270531
bazaar/outdoor;0.702152
beach;0.648690
beach_house;0.545122
beauty_salon;0.838736
bedchamber;0.608458
bedroom;0.894577
beer_garden;0.491256
beer_hall;0.075283
berth;0.895840
biology_laboratory;0.265294
boardwalk;0.979996
boat_deck;0.858208
boathouse;0.841103
bookstore;0.929926
booth/indoor;0.269950
botanical_garden;0.722310
bow_window/indoor;0.450812
bowling_alley;0.222490
boxing_ring;0.137460
bridge;0.812028
building_facade;0.928629
bullring;0.791831
burial_chamber;0.403949
bus_interior;0.458518
bus_station/indoor;0.329456
butchers_shop;0.349056
butte;0.044724
cabin/outdoor;0.174285
cafeteria;0.370829
campsite;0.498954
campus;0.920383
canal/natural;0.768944
canal/urban;0.951335
candy_store;0.545145
canyon;0.099280
car_interior;0.658126
carrousel;0.350176
castle;0.608481
catacomb;0.221904
cemetery;0.759229
chalet;0.333071
chemistry_lab;0.135646
childs_room;0.947879
church/indoor;0.106082
church/outdoor;0.296990
classroom;0.456953
clean_room;0.139802
cliff;0.125295
closet;0.281821
clothing_store;0.501215
coast;0.698600
cockpit;0.026003
coffee_shop;0.832175
computer_room;0.373948
conference_center;0.329428
conference_room;0.228929
construction_site;0.926062
corn_field;0.370680
corral;0.407167
corridor;0.508489
cottage;0.217247
courthouse;0.195049
courtyard;0.991527
creek;0.702187
crevasse;0.025961
crosswalk;0.776765
dam;0.747717
delicatessen;0.176041
department_store;0.337534
desert/sand;0.018423
desert/vegetation;0.348458
desert_road;0.016825
diner/outdoor;0.395479
dining_hall;0.099568
dining_room;0.171164
discotheque;0.187078
doorway/outdoor;0.610709
dorm_room;0.585223
downtown;0.649411
dressing_room;0.045079
driveway;0.975261
drugstore;0.852297
elevator/door;0.098481
elevator_lobby;0.371524
elevator_shaft;0.153124
embassy;0.563320
engine_room;0.400235
entrance_hall;0.472110
escalator/indoor;0.300626
excavation;0.515230
fabric_store;0.849762
farm;0.377296
fastfood_restaurant;0.069982
field/cultivated;0.563560
field/wild;0.170321
field_road;0.184813
fire_escape;0.935888
fire_station;0.425186
fishpond;0.788596
flea_market/indoor;0.586500
florist_shop/indoor;0.112423
food_court;0.205656
football_field;0.399787
forest/broadleaf;0.162735
forest_path;0.262232
forest_road;0.132923
formal_garden;0.538691
fountain;0.982167
galley;0.033876
garage/indoor;0.314340
garage/outdoor;0.226097
gas_station;0.126822
gazebo/exterior;0.189604
general_store/indoor;0.471973
general_store/outdoor;0.289842
gift_shop;0.696656
glacier;0.062091
golf_course;0.611311
greenhouse/indoor;0.652222
greenhouse/outdoor;0.404530
grotto;0.121119
gymnasium/indoor;0.457692
hangar/indoor;0.287463
hangar/outdoor;0.103321
harbor;0.931826
hardware_store;0.775937
hayfield;0.185838
heliport;0.273028
highway;0.072467
home_office;0.443753
home_theater;0.350444
hospital;0.861393
hospital_room;0.890175
hot_spring;0.598913
hotel/outdoor;0.751595
hotel_room;0.808441
house;0.457917
hunting_lodge/outdoor;0.102534
ice_cream_parlor;0.561265
ice_floe;0.657504
ice_shelf;0.340770
ice_skating_rink/indoor;0.096435
ice_skating_rink/outdoor;0.204789
iceberg;0.129320
igloo;0.508075
industrial_area;0.574633
inn/outdoor;0.509933
islet;0.086803
jacuzzi/indoor;0.702859
jail_cell;0.835818
japanese_garden;0.534530
jewelry_shop;0.629640
junkyard;0.586455
kasbah;0.346253
kennel/outdoor;0.948339
kindergarden_classroom;0.726236
kitchen;0.207811
lagoon;0.730610
lake/natural;0.918823
landfill;0.705710
landing_deck;0.061985
laundromat;0.566330
lawn;0.974837
lecture_room;0.165414
legislative_chamber;0.096828
library/indoor;0.859583
library/outdoor;0.454223
lighthouse;0.326405
living_room;0.825793
loading_dock;0.963009
lobby;0.861924
lock_chamber;0.736767
locker_room;0.346586
mansion;0.512678
manufactured_home;0.197659
market/indoor;0.143015
market/outdoor;0.703671
marsh;0.685780
martial_arts_gym;0.324509
mausoleum;0.651717
medina;0.931281
mezzanine;0.606355
moat/water;0.761370
mosque/outdoor;0.332028
motel;0.770613
mountain;0.098263
mountain_path;0.083132
mountain_snowy;0.034046
movie_theater/indoor;0.291918
museum/indoor;0.705745
museum/outdoor;0.757206
music_studio;0.435468
natural_history_museum;0.178975
nursery;0.921587
nursing_home;0.564110
oast_house;0.275000
ocean;0.704944
office;0.724970
office_building;0.841484
office_cubicles;0.463212
oilrig;0.269964
operating_room;0.164788
orchard;0.585798
orchestra_pit;0.038636
pagoda;0.352154
palace;0.883102
pantry;0.323686
park;0.951679
parking_garage/indoor;0.125608
parking_garage/outdoor;0.278605
parking_lot;0.899250
pasture;0.586879
patio;0.991877
pavilion;0.314565
pet_shop;0.943883
pharmacy;0.888854
phone_booth;0.858902
physics_laboratory;0.154294
picnic_area;0.568745
pier;0.968038
pizzeria;0.671496
playground;0.996467
playroom;0.936416
plaza;0.973901
pond;0.952641
porch;0.891835
promenade;0.953487
pub/indoor;0.089242
racecourse;0.207221
raceway;0.442939
raft;0.916678
railroad_track;0.712994
rainforest;0.268665
reception;0.476470
recreation_room;0.883334
repair_shop;0.592588
residential_neighborhood;0.264144
restaurant;0.478100
restaurant_kitchen;0.055869
restaurant_patio;0.489762
rice_paddy;0.742821
river;0.930960
rock_arch;0.018149
roof_garden;0.921957
rope_bridge;0.450630
ruin;0.475815
runway;0.118010
sandbox;0.956178
sauna;0.479718
schoolhouse;0.202034
science_museum;0.575559
server_room;0.468707
shed;0.543692
shoe_shop;0.723451
shopfront;0.346623
shopping_mall/indoor;0.316113
shower;0.464135
ski_resort;0.123765
ski_slope;0.115790
sky;0.254322
skyscraper;0.464909
slum;0.932463
snowfield;0.092708
soccer_field;0.361823
stable;0.811019
stadium/baseball;0.256382
stadium/football;0.558864
stadium/soccer;0.536757
stage/indoor;0.144616
stage/outdoor;0.186390
staircase;0.941216
storage_room;0.594471
street;0.865000
subway_station/platform;0.176214
supermarket;0.424438
sushi_bar;0.063527
swamp;0.442430
swimming_hole;0.681561
swimming_pool/indoor;0.964817
swimming_pool/outdoor;0.903072
synagogue/outdoor;0.115022
television_room;0.368818
television_studio;0.195639
temple/asia;0.363386
throne_room;0.382240
ticket_booth;0.662565
topiary_garden;0.511018
tower;0.546469
toyshop;0.514751
train_interior;0.219427
train_station/platform;0.329193
tree_farm;0.173355
tree_house;0.139806
trench;0.790161
tundra;0.525434
underwater/ocean_deep;0.294801
utility_room;0.349524
valley;0.255154
vegetable_garden;0.797113
veterinarians_office;0.721658
viaduct;0.625370
village;0.333277
vineyard;0.250342
volcano;0.021591
volleyball_court/outdoor;0.429928
waiting_room;0.918070
water_park;0.977768
water_tower;0.443904
waterfall;0.063008
watering_hole;0.607471
wave;0.335866
wet_bar;0.161827
wheat_field;0.366841
wind_farm;0.430285
windmill;0.269063
yard;0.983045
youth_hostel;0.797045
zen_garden;0.887038
