Filename,privacy
51027421626,Public
50668571902,Public
51196330717,Public
51192228348,Public
51040407237,Public
51040401387,Public
49417212547,Public
51040313781,Public
51022451226,Public
50825460172,Public
50642652537,Public
50588971842,Public
50580400401,Public
51154953582,Public
51155648228,Public
51108928986,Private
51109698845,Public
50973772838,Private
50938973658,Public
50846020471,Public
50631960718,Public
51086426387,Public
51021611511,Public
50617176457,Public
50335942043,Public
50145850126,Private
50099961452,Public
49923517637,Public
49905114963,Public
49905929452,Public
51104968215,Public
50336607573,Public
49992265836,Public
49913418778,Public
51040493837,Public
51031727356,Public
50101843748,Public
49582568146,Public
49626938928,Public
49406198818,Public
48811768201,Private
51220313529,Private
51218830362,Private
51217425968,Public
51195784453,Private
51148580527,Private
51127456957,Private
51126884607,Private
50115884736,Private
50042443366,Public
48845932932,Private
48845898692,Private
51091252613,Private
50241073586,Private
50164729603,Public
49706236122,Public
48980973777,Private
49169022356,Public
49881113077,Private
49197515182,Private
48919251336,Private
51151343806,Private
51151575808,Private
50961680523,Private
50733536751,Private
49533166437,Private
50439365711,Public
50053873898,Private
49813484087,Private
49208892581,Public
48096666681,Public
50649217302,Public
49600268281,Public
49462787413,Public
49650029562,Public
51173090436,Public
51166208798,Private
51105527743,Private
51129598749,Public
50517773252,Public
49811494876,Public
49233614702,Public
48548126376,Public
41918373564,Public
24977242588,Public
25357659061,Public
20301542751,Public
46874275674,Public
30994297922,Private
25960313705,Public
36413993026,Public
45883473932,Private
28366509419,Private
23946360182,Private
14941151912,Private
44671819342,Private
25280720980,Private
23104286182,Private
27205897643,Public
49902491112,Public
48871506383,Public
48453027007,Public
44038543455,Public
38338648121,Public
49207565456,Public
49897969782,Public
51220518052,Public
51219005019,Public
50784571837,Private
49955320148,Public
49955319938,Public
49853325052,Public
50707105131,Public
50552832922,Public
46773118132,Public
15439514642,Public
44185555380,Public
41714864791,Public
41675084222,Public
40234666800,Public
36819065315,Private
49427635726,Private
45031703755,Public
30157966072,Public
50181740552,Private
48122366418,Private
50890007876,Public
49004038176,Public
23040264099,Public
8733574756,Public
18323439904,Private
35090678564,Public
34803704824,Public
8159527543,Public
49678384373,Private
47209673422,Public
38035382181,Public
36450149466,Public
33844699648,Private
35472834501,Public
22376444929,Public
19911347628,Public
20302759478,Public
17627310650,Private
31971855693,Private
50162215323,Private
49812225812,Private
51222544608,Public
49043789326,Public
50790221461,Public
50337455337,Private
49487981023,Public
50790424133,Public
49678139991,Private
51055184267,Public
50681797287,Public
51167751841,Public
50760628788,Public
50822948041,Public
49653708803,Public
49614375688,Public
48229558251,Public
50670111431,Public
50583786022,Public
49627844133,Public
51160549674,Public
50391576143,Public
51003267921,Public
50647250077,Public
49733027683,Public
50709814253,Public
50586275237,Public
48896179206,Public
51101567465,Public
51053512102,Public
50578774053,Private
35531291932,Public
31603000884,Public
32763406882,Public
22294796839,Public
47994787883,Public
30567556506,Public
33196069693,Public
28355014131,Public
31453536131,Public
13369973975,Public
11953603314,Public
24810963147,Public
27151783846,Public
28690329184,Public
29079811162,Public
12440677063,Public
17052118489,Public
39840340554,Public
27165831200,Public
6981316248,Public
31232649528,Public
44290711562,Public
40752856062,Public
34070088986,Public
33118360943,Public
24226663453,Public
24243796611,Public
26541251108,Public
38447369670,Private
40184574992,Private
34180726256,Public
28221659253,Public
26388255387,Public
33543881160,Public
39006564590,Public
34716461715,Public
26724433479,Private
46919540005,Public
33457719601,Public
31494630003,Public
28508229065,Public
26998923394,Public
45439691344,Public
28970552177,Public
41146295185,Public
51070124736,Private
50706254646,Public
50396615832,Public
51016271705,Private
51007981507,Private
26980459238,Public
10314623056,Private
6736745931,Public
22870805544,Public
49568992086,Public
33310466438,Public
33230171512,Public
49070616103,Public
46609922102,Public
50250920656,Public
32057485588,Public
49053190282,Private
23262744754,Public
48913433263,Public
24357666745,Public
32718436026,Public
14367475843,Private
50124428886,Public
50509345786,Public
50386383908,Public
50044229352,Public
50526055381,Public
51195595267,Public
50823241668,Public
50693763426,Public
49939923766,Public
50413370032,Public
50433457031,Public
49923012311,Public
49112194411,Private
51053192537,Public
50967431731,Public
50819199927,Public
50644371283,Public
51073148733,Public
50838886142,Public
50825221757,Public
50324525536,Public
49816680501,Public
49421693572,Public
51152578383,Public
51106536812,Public
50834200797,Public
49764980477,Public
50980394982,Public
48151188547,Public
50993219356,Private
50583419533,Private
49744789337,Private
49256788156,Public
50640785682,Public
48868270908,Public
50851538442,Public
50832672132,Public
50990296206,Public
48297506702,Public
48366306577,Public
51217021707,Public
50575806818,Public
49631023682,Public
46458937701,Public
36796777303,Public
34784861770,Public
32523558176,Public
29703945961,Public
42295842374,Public
34568918290,Public
15294513749,Public
46273287642,Public
7666864934,Public
31582618574,Public
15916428994,Public
33991428103,Public
42522056904,Public
18685120339,Public
15667929129,Public
42354094751,Public
38291879926,Public
40281840073,Public
45824464205,Public
43721101090,Public
25901413908,Public
15417149783,Public
35491572924,Public
38456868740,Public
36460515786,Public
29949433422,Public
6815343423,Public
39995883673,Public
34670550452,Public
16490035671,Public
29848851937,Private
42970434770,Public
23779198560,Public
27377926339,Public
40161528611,Public
27114337716,Public
12114524526,Public
30426694404,Public
49742338021,Public
38253617662,Public
31568367072,Public
27486723564,Public
12066664226,Public
41840088570,Public
42889920855,Public
35266296484,Public
33622921595,Public
25984622864,Private
33225983871,Public
29140663585,Public
27405635422,Public
22837009377,Public
22292625866,Private
24335312310,Private
9047120889,Public
47477565991,Public
37206565456,Public
5804929580,Public
36828134633,Public
31362803212,Private
31391382271,Private
47347015772,Public
47201027762,Public
42398919812,Public
40970555915,Public
27361965226,Public
50681757511,Public
38498295836,Public
26232663129,Public
16179827890,Public
30199058636,Public
30304344765,Public
28649235551,Public
21468828681,Public
36501326390,Public
42289668785,Public
39043996484,Private
48553225937,Public
49389809923,Private
50430590231,Public
50422867606,Public
50258760413,Public
50210430012,Public
50139800202,Public
51118889927,Public
51055708528,Public
50917857938,Public
50839190556,Public
50678363463,Public
49848904873,Public
49848193028,Public
49760843761,Public
49655917207,Public
49620390941,Public
49831352742,Public
49245588603,Public
48840423598,Public
48723842557,Public
48654640183,Public
46756094782,Public
46808643911,Public
39729768833,Public
46694611721,Public
43175406362,Public
43841829041,Public
40911376430,Public
38975118951,Public
38219514854,Public
26679602789,Public
37118180351,Public
27156811079,Public
33501212421,Public
31691774252,Public
30261046665,Public
33160118765,Public
26672478111,Public
26466033210,Public
26402696120,Public
24545181285,Public
24179576060,Public
26132826074,Public
24854745500,Public
24583302419,Public
24252579644,Public
22441855316,Public
18620192772,Public
15347553226,Private
15511787012,Public
14649228106,Public
50956154752,Public
49894328062,Public
48651702718,Public
48534614081,Public
49997867437,Public
48536115706,Public
48277588241,Public
48261306677,Public
47985060603,Public
44532427535,Public
34931349934,Public
28246744067,Public
40716296105,Public
33716042725,Public
31702317446,Private
34250182935,Public
33913557121,Public
33423756545,Public
31301522974,Public
27629093726,Public
29713447491,Public
28986729862,Public
28986725082,Public
27009026503,Public
16425410043,Public
16600310959,Private
15114346880,Public
7365354944,Public
6759782515,Public
8022656131,Public
6916247106,Public
31787185887,Public
32322708707,Public
49959626682,Public
35706998084,Private
32547226621,Public
50264829283,Private
50251071047,Private
43166397360,Public
35371853444,Public
35585691281,Public
36566877716,Private
31540749992,Public
32883010970,Public
22092641364,Private
18006181261,Public
49143442963,Public
51004943950,Private
42489386520,Public
40549550224,Public
39183593171,Private
39673549730,Public
35483161205,Public
33799573381,Private
33888216846,Private
33310296571,Private
30164297830,Public
49054223911,Private
49053671843,Public
46719586765,Public
34380209341,Public
33347345375,Public
22276276238,Public
14406533013,Public
29019921307,Private
28785914514,Private
20225742405,Public
40795084473,Private
27594467560,Private
27983592882,Private
19152683249,Public
18629846584,Private
50755588156,Private
50382408266,Private
38504757935,Private
31746040307,Public
21834543029,Public
28180070674,Public
49858298031,Private
33864247498,Private
50002436286,Public
40380378193,Private
47646842682,Private
46972113114,Public
40210884560,Public
50710967613,Private
32344659441,Public
22567466373,Private
35057839696,Public
51074810623,Public
47929886491,Public
34477757640,Public
8131694027,Public
7693182858,Public
19229891254,Public
8092378840,Public
8194125082,Public
7558203956,Public
49177076143,Private
23759443370,Public
23724409710,Public
23759611862,Private
51024111158,Private
50590269467,Private
50046870268,Private
49816360332,Private
48428267652,Private
48428260437,Private
48428241577,Private
50521647861,Private
42881492954,Private
42716064614,Private
43274410102,Private
26330781725,Private
47206562942,Private
49452663127,Private
49364614528,Private
46303202324,Private
49235257452,Private
40536853383,Private
48723865916,Private
38626210122,Public
26553692204,Public
22708604903,Public
49040118511,Private
29950366751,Public
49726347462,Private
49960296276,Private
51205592180,Public
50914099198,Public
50867753461,Public
48988577721,Public
46764481872,Public
42757912392,Public
42481762952,Public
33028875292,Public
32214414401,Private
24592369751,Public
24426696725,Public
23216475155,Public
32941322558,Public
46021792514,Public
14964111740,Private
50680450017,Private
49309408667,Private
50892521992,Private
28406417529,Private
9970181596,Private
48163063556,Private
48163136482,Private
24445160773,Public
27809835925,Private
20586941922,Public
50906124727,Private
51168506319,Private
51138471410,Private
51121577019,Private
50976382291,Private
50565551803,Private
49739901187,Public
48681018358,Private
50687529118,Private
49855621017,Private
49674133071,Private
34389291411,Private
31790701794,Private
49799780782,Private
51223354441,Private
51222462727,Private
51222307818,Private
51220605644,Private
51216691422,Private
51217342135,Private
51215406592,Private
51215636004,Private
51215879160,Private
51214545194,Private
51212534172,Private
51208220389,Private
51206237447,Private
51207503350,Private
51207023269,Private
51213903100,Private
51207272588,Private
51206628381,Private
51200767944,Private
51196469259,Private
51195491191,Private
51196234590,Private
51194409877,Private
51194357287,Private
51195240393,Private
51194229332,Private
51196082177,Private
51194411986,Private
51190479497,Private
51188588842,Private
51186652629,Private
51185591566,Private
51184872268,Private
51182461253,Public
51179245048,Private
51180089300,Private
51176939116,Private
51176333891,Private
51185086631,Private
51185473279,Private
51183780498,Private
51177087920,Private
51177423067,Public
51177007094,Private
51170029656,Private
51163365620,Private
51161356477,Private
51153099656,Private
51153494264,Private
51163653318,Private
51163514275,Private
51160084130,Public
51148525337,Public
51146869213,Private
51215736072,Public
51215677107,Private
51221850897,Private
50524769572,Private
48995722006,Private
50087854597,Public
30056408357,Public
37646644900,Public
34544328160,Private
31965694125,Public
30182168074,Public
24611022723,Public
36541896415,Private
17194120850,Public
45306021232,Public
47949914907,Public
43902369731,Private
38912104285,Public
36496165006,Private
33027138964,Public
31046521675,Private
31945610492,Public
51185797336,Private
20096460520,Public
32214599440,Public
21417297719,Private
31511222608,Private
48932940127,Private
48012452266,Private
30691349746,Private
31525050605,Private
50816041278,Private
49949047892,Private
18379700143,Private
50006170651,Public
32730722334,Public
50354675396,Private
40473610133,Public
24227930095,Public
50429894888,Private
50430763032,Private
45383999144,Public
39444806610,Private
39329947945,Public
23619514389,Public
20464604510,Public
20625704296,Public
19065176403,Public
19657862166,Public
48887362451,Private
50239250457,Public
49881333996,Private
41285453491,Private
50937818873,Private
50053872288,Private
50014415133,Private
49888214437,Private
49788840961,Private
49401874428,Private
49391854581,Private
49391379283,Private
49267596817,Private
49253562541,Private
50938395121,Private
49887141013,Private
49427313387,Private
49382752703,Private
49383192966,Private
49253088848,Private
43103754354,Private
36955230200,Public
28723418778,Public
33264410893,Public
50792310463,Private
49454193498,Public
49589378573,Public
9596181418,Private
9740991095,Public
9526089958,Private
4661621916,Private
50423788011,Private
41942617861,Private
33768086463,Private
51179000294,Private
50719961162,Public
50702625157,Public
50619335532,Public
51008763677,Private
49734198531,Private
45812476172,Public
45606949562,Public
42923725030,Public
42831066782,Public
39635196784,Private
36441948645,Private
35552192262,Private
51137546112,Public
51202653241,Public
51220103738,Public
32804131677,Public
51210278999,Public
33034512563,Private
1107877214,Public
29005098780,Private
26721297446,Private
25306208265,Public
15298210728,Private
14845540667,Private
14870142403,Private
16499476019,Private
400304837,Private
15011287903,Private
14369973065,Public
13453608724,Private
12598646743,Public
12411749784,Public
9409361310,Private
9630291979,Public
9408670524,Public
8314735181,Private
8008166770,Public
7711391834,Public
7535158058,Private
6976503800,Public
6312222472,Private
6569467063,Public
6292229892,Private
51115198310,Private
50766720316,Public
50188252662,Public
49484262636,Public
48944443883,Private
49846704052,Public
49845858543,Public
48905545677,Public
45258644934,Private
45786759631,Private
29443193538,Private
29710697478,Private
39571714202,Public
49724024257,Public
49984730202,Private
50940336473,Public
9413232234,Private
49453733688,Public
13672383333,Private
49498003346,Private
27561968957,Private
46525930435,Private
50623956287,Private
42369334385,Private
6602718909,Private
48626363836,Private
50637157802,Private
9406610269,Private
46808465471,Private
40162765673,Private
50622754803,Private
45655448262,Public
42370151822,Private
41264290924,Private
51199582714,Private
49945892092,Public
47092538302,Public
51069294227,Private
48520187361,Private
51211999020,Public
47793812232,Private
48939640116,Public
50872342917,Public
50236013562,Private
48853108473,Private
47706180152,Private
44895083015,Private
30701382737,Private
38419329070,Private
37054161655,Public
19724539822,Private
18217439913,Public
16537170125,Private
8696533503,Private
6884227888,Private
51154043675,Private
48364825076,Private
44239019952,Private
50859488138,Private
50136231558,Private
50839548572,Private
50260137326,Public
42982682412,Public
48750643768,Private
48807213638,Public
47958656882,Public
6202617472,Private
50933761888,Private
47755019692,Private
50643319642,Public
50902674093,Private
51004274537,Public
38138998822,Private
50698332486,Private
51011794761,Private
6347823269,Private
5839903420,Public
40293308233,Private
51129939959,Private
50648311546,Private
49909981567,Private
51104377090,Public
51103144922,Private
51104485147,Private
51100392256,Private
51101506120,Private
51101020253,Private
30256047788,Private
51147977880,Private
50827178976,Public
50623800802,Private
49914721086,Private
49862319207,Private
49411440927,Private
44824987304,Private
39880840563,Public
42991279530,Private
42178774044,Private
44426095152,Private
24214797117,Private
36934030552,Private
35825962225,Private
51002711148,Public
40420946962,Public
27923336752,Public
26425388235,Private
15330478694,Private
14574453593,Private
8738044066,Private
8403429148,Private
8268846240,Private
8138273072,Private
8027380146,Public
6883684154,Private
7012236739,Private
6788232649,Private
51177273764,Public
51164731925,Public
49822821691,Private
49534586968,Private
49874546893,Private
48139515721,Private
48068746878,Public
33987017538,Private
48274968952,Public
33936770758,Private
40617923773,Private
40617917573,Private
32528649867,Private
44782215775,Private
43988751771,Public
28227036007,Public
43091826081,Public
39313112805,Public
39140180545,Public
37920441314,Private
39695040632,Public
50296257242,Public
50365047616,Private
48036483782,Public
46435746302,Public
45353488405,Public
43536969902,Private
50628585393,Private
50469475563,Private
46260703434,Public
27827190585,Private
46386885534,Public
51206829988,Public
51073696256,Public
50940530117,Public
50680790197,Public
50814629298,Private
50811998572,Public
50493438431,Private
50582412136,Public
49499794067,Public
49436630002,Public
49091676607,Public
48822764183,Public
48807457993,Public
48992911037,Public
48976833287,Public
48806545408,Public
48573796791,Private
48493223562,Public
48356624182,Public
48249223986,Public
48211993481,Public
48121341386,Public
48121346031,Public
47942432382,Public
46849134635,Public
32762879397,Private
45684071424,Public
31420794917,Public
32390511138,Private
30623834894,Public
32470430888,Public
32168544258,Public
44144420620,Public
32018829978,Public
31908879318,Public
44440040084,Public
44417479892,Public
42577798524,Public
42458747195,Public
43034818072,Private
28872213968,Public
42334006891,Public
28235350268,Public
50940533187,Public
50735788662,Private
49661635172,Public
32255555968,Private
51042757928,Public
50706240353,Private
50544532067,Private
47963254713,Public
47739388992,Public
31716690538,Public
28138249527,Public
37998325645,Public
25227797907,Public
39032207312,Public
26554378869,Public
36978205504,Public
9959552964,Private
36594072421,Public
34089852554,Public
35755750896,Public
31836688715,Public
33294749293,Public
32327129616,Public
31776957551,Public
31743085055,Public
31482214912,Public
30656429286,Private
30580476686,Public
29204742303,Private
29251223216,Public
24136609566,Public
22105675141,Public
20840465055,Public
20388086706,Public
18974995108,Public
24291922016,Private
16947324938,Private
16543102988,Private
17529596753,Public
17793154342,Public
17470716455,Public
17184028247,Public
44404735870,Public
51036937157,Private
51001159432,Public
50299919688,Public
50222471217,Public
50239837968,Private
50233906187,Public
49696795478,Public
49689764352,Public
49596725377,Public
49595416273,Public
49445834937,Private
49295979826,Public
49303264367,Public
49247393382,Private
49227851512,Private
49222777188,Public
49221700803,Public
49090028696,Public
48972204497,Public
48937060586,Public
48835351061,Private
48408144591,Public
48956148536,Public
48541282532,Public
48458366736,Public
48407082771,Private
48067203823,Public
48067155676,Public
48067179153,Public
47940974256,Public
14604983614,Public
47306599812,Public
33861384998,Public
40771782813,Public
47706678661,Public
33829244758,Public
33829020198,Public
50960121207,Public
51048838877,Private
50409819576,Public
50355976017,Public
50195548141,Public
48390231211,Public
48390226556,Public
49566600273,Public
49532145271,Public
49475832391,Public
49179385591,Public
49179588457,Public
48745631107,Private
48017515952,Public
47954221512,Public
33641396548,Public
46602448125,Public
40551806673,Public
33496136408,Public
29322942278,Public
29094678327,Private
43175370634,Private
42043824860,Public
41560824882,Public
41333709141,Private
39165436750,Public
36466892343,Public
36107256184,Private
24235651167,Private
39047435391,Public
37924633122,Public
37857092972,Public
37457508882,Public
35621413654,Public
36304212095,Public
35191291294,Public
35578861822,Private
35391849521,Public
34942028880,Public
32941763641,Public
31245248473,Private
31375082020,Public
31794048035,Public
29316651356,Public
29239866272,Public
29821354562,Public
29291631755,Public
28485265004,Public
29037275735,Public
27451244231,Public
27527462961,Public
26953339284,Public
27421039261,Public
25059172872,Public
24281845263,Public
21902623100,Public
21664331398,Public
21752751746,Public
21385376569,Public
48113525423,Public
48950653533,Public
49693850126,Public
49362951436,Private
51188052079,Public
49363160497,Public
47940539996,Public
9377525705,Private
42450089715,Private
50126630601,Public
39960137663,Public
17245119429,Private
26588191489,Private
16685915265,Public
26632640842,Private
48591188736,Private
51047949091,Private
50272743572,Private
17071115109,Public
15159755599,Private
7884365214,Private
49768589463,Private
43781411011,Private
48727247612,Private
26653886219,Public
38770899314,Private
49455863172,Public
45636741694,Public
41898164720,Private
33789848488,Public
47949954143,Public
28794821837,Public
50344250687,Public
47256848962,Private
50973530438,Private
48151157501,Private
48032307218,Private
36511196110,Private
6372989747,Private
32048949887,Private
50306571368,Private
51116963095,Public
40153790512,Public
38727234121,Private
15580019016,Private
49254981707,Public
37699718624,Public
32233358891,Public
50331708516,Private
50443983881,Private
50732593907,Public
50877951613,Public
44952882275,Public
7785220620,Public
48131250578,Public
8940823776,Public
50812077091,Public
23067749159,Public
30223817487,Private
27521373837,Private
50852809662,Private
50291578341,Private
51223427018,Private
47100329641,Private
45388381341,Public
6934737332,Private
48645858792,Public
47931794533,Public
43460108594,Private
43279077224,Private
28521172527,Public
39883396824,Public
37117231835,Public
23439164729,Public
25679660411,Private
7595112978,Public
50636438787,Public
48237938662,Public
46581010222,Public
49648750937,Public
7435119538,Private
33825685308,Private
16203787686,Private
46453079662,Public
51009019305,Public
49957723326,Public
48773441888,Public
50194340677,Public
49079840642,Public
35675097383,Public
35675158303,Public
51173766897,Public
6512135073,Public
51070955126,Public
35657078586,Public
34771361756,Private
19175598682,Private
50746404668,Private
50379196032,Public
50685965941,Public
50640513961,Public
50639752648,Public
50393274478,Private
50257703416,Private
49021474462,Public
49913740087,Private
47400057701,Private
33646353778,Public
46559947024,Private
45508327142,Private
45966535792,Public
38094710384,Public
33789231153,Public
51091001291,Public
50281456631,Public
49766272602,Private
34347189623,Public
34217397063,Public
34671195751,Public
27218828183,Public
28316056703,Private
26950946876,Public
20526772910,Private
16600940879,Private
9232952752,Private
9344568734,Private
8925506040,Private
9084216156,Private
9526764192,Private
8292530007,Public
7293879756,Public
7293879000,Public
7997025489,Public
7596329288,Private
7574649130,Private
6958180263,Private
6907738377,Public
6363331651,Public
51004940510,Public
50899270707,Public
48952464257,Public
48667421893,Public
47829855381,Private
32941305338,Private
32621187908,Private
45565841411,Private
33516573588,Public
46183756295,Private
32278729258,Private
42608303090,Public
42026678884,Private
27872764567,Private
42564808621,Private
40243630161,Public
24006610528,Private
38819998801,Public
50097771976,Private
49980574893,Private
50899017107,Public
51151237004,Public
49977706536,Public
48715639858,Private
46494463511,Private
44504702520,Public
43927814852,Public
50258010293,Private
50202695568,Public
41353930220,Public
16328099791,Private
29933923031,Public
32757277147,Public
50654340478,Private
9344599568,Private
46705517114,Private
50815327621,Private
49067834937,Private
51099370963,Private
49043493888,Private
51098456912,Private
50907932918,Private
49136867567,Private
51098132516,Private
39656722593,Private
39656723253,Private
49336863446,Private
40758156253,Private
42438551940,Private
43808152841,Private
50602559862,Private
50326555623,Private
24218464257,Private
49601372448,Private
49000811747,Public
48799922258,Private
48689678632,Private
49317268018,Private
48718330691,Private
41708562410,Public
13065461395,Private
51184372181,Private
50637783452,Public
49819794882,Private
50337196202,Private
15414894806,Private
5870477263,Public
5864309564,Public
5864078440,Private
38449036925,Public
8089601824,Public
51066027261,Public
50973418011,Public
40075482323,Private
30127113955,Public
50947966128,Public
50226497676,Private
16222197522,Public
47724790011,Private
38145496161,Private
40135485920,Private
26909891319,Private
9475484216,Private
51116584665,Public
42596346414,Public
6167297503,Public
48777876233,Public
46982534885,Public
34000111948,Public
51143181777,Private
50535966581,Public
40205512971,Public
41773271470,Public
50769287478,Private
44451406920,Public
48242908491,Public
50109110692,Private
48641332531,Private
7669551412,Private
49588645468,Private
24377348608,Private
31100626924,Public
51045020882,Public
50649921381,Public
48895905272,Public
48599719512,Public
48599704977,Public
48585616831,Public
47679930921,Private
43536817975,Public
41871862725,Public
50860809241,Private
17181772408,Public
49906238332,Public
36431921125,Private
29974239254,Public
29323082033,Public
18716199918,Public
16910493437,Public
49906241922,Public
51053412671,Private
16449198865,Public
47369735311,Public
50149483046,Public
50078544131,Public
49796873467,Public
40372919604,Public
35696243146,Public
31896727273,Public
31380632373,Public
28510168294,Private
21968928325,Public
30289210623,Public
32003577351,Public
49650690732,Public
50725968278,Private
46463212031,Public
29989416368,Public
41198480050,Private
35026512505,Private
9091685677,Private
7533019476,Public
48851445351,Private
25630907397,Private
40265229971,Private
40137181052,Private
49333179832,Private
32549849567,Private
32260001768,Private
51009307122,Private
49799631503,Private
49597953372,Public
48820520193,Public
49464049121,Public
48866249377,Public
50937203432,Private
50616181178,Public
50718728887,Public
50674669631,Public
49778687326,Private
49004650358,Public
48656569753,Public
47563611491,Public
44310743990,Public
32047579288,Public
45793162702,Public
46258532311,Public
44153395790,Public
30867009207,Public
43294752712,Public
41151712034,Public
27956497028,Public
34463927781,Public
42592900960,Public
45880324075,Private
28407355902,Private
23220728999,Public
14889448135,Private
8011286741,Public
7781274750,Public
6888306887,Public
6541083725,Private
6212165023,Public
5982660659,Private
50604394816,Public
50676043391,Public
48915307187,Public
32752939867,Public
26321534448,Public
25488143658,Private
50160049403,Public
50078750061,Public
50093466537,Public
50830464376,Public
33563710035,Private
37877147742,Private
50659022841,Public
50573098156,Public
49574752972,Private
49813916026,Public
46090903595,Public
50297891486,Public
33760698358,Public
48316119381,Private
50370334316,Public
46950221915,Public
40274408414,Public
5949143077,Private
51120798065,Public
50690727122,Private
49873527533,Public
49617123167,Public
49833309001,Public
48506556017,Public
45983204872,Private
44758011745,Public
50968199361,Public
42753474910,Public
37152727870,Private
49301270148,Public
50900588183,Private
49167547562,Public
48838526067,Public
48432187287,Private
38657334121,Public
23649530048,Public
29969614460,Public
28828418061,Public
50167416381,Private
50815404206,Private
48822662618,Private
9576586963,Private
48123135852,Public
24648963478,Public
49174423498,Private
7212585744,Public
27157438564,Private
38042329106,Private
50416170611,Public
49941847697,Public
34396199746,Private
6241169859,Private
48023994121,Public
6238953828,Private
50859947942,Private
50806750458,Private
51216172251,Public
50737482376,Private
49747986857,Private
49723751212,Public
49959947497,Public
49821797803,Public
49972941572,Private
49959947147,Public
49857658228,Public
34085723764,Public
42691949682,Private
50692952961,Public
49878633033,Public
50360841916,Private
48865007426,Public
47593190541,Public
43465987382,Private
49243381242,Public
43313183070,Public
34261735435,Private
29775906875,Public
17437386213,Public
50294668877,Public
49061763607,Private
48285125276,Private
49595624911,Public
49171710697,Public
50010171247,Private
32847378707,Public
43727142981,Public
24472949229,Public
49344956686,Public
49895109361,Public
50827678286,Private
50554037881,Private
49698635362,Private
48371246381,Private
44747649221,Public
47448282501,Public
46528150911,Private
50841168326,Private
50837359186,Private
50240542296,Private
51023002151,Public
48969268496,Private
46098369074,Public
28186418397,Public
37068345442,Public
27241084973,Public
27758301221,Public
21326230743,Public
49548270343,Public
8247570415,Private
48268025321,Private
41626348254,Public
38984044355,Public
35181500754,Public
34957638104,Public
20713391334,Public
48942458542,Private
27704879201,Public
25437032510,Public
49879805477,Public
29142376978,Private
48890943553,Public
897433210,Private
44401686615,Private
35022633274,Private
42694581255,Private
26791425619,Private
44078644235,Public
50894090376,Public
50308346581,Public
49078543562,Public
32662868687,Public
50630387796,Public
50630388056,Public
49991213948,Public
49665536871,Public
49375703638,Public
33870179358,Public
32526428727,Public
49991738851,Public
25533415667,Public
35433803390,Public
44513756764,Private
50090345156,Private
18195419381,Private
49679555358,Private
48933348333,Public
51006859101,Public
50279592517,Public
49378805612,Public
49671036238,Public
49479921208,Public
48807847168,Public
48756814918,Private
49702120456,Public
49130609387,Public
49078245287,Public
47902542831,Public
33544565528,Public
47128914062,Public
32384598698,Public
44753323004,Public
41391395054,Public
40929118045,Public
29248486097,Public
42918136185,Public
41827525581,Public
26791267158,Public
39145147941,Public
26244276179,Public
38786171585,Public
36223412802,Public
35406669680,Public
34809334181,Public
33458434403,Public
51189692298,Public
51190287267,Public
47982934831,Public
34935001864,Public
31206317420,Public
21617843154,Public
20494156259,Public
18871513894,Private
19052884182,Public
16487059683,Public
13261104783,Public
16162178126,Public
13723921445,Private
13379064493,Public
8703443519,Private
9717285295,Public
9368748113,Public
9239852649,Public
9113507114,Public
8774357635,Public
8730308963,Public
9468579831,Public
8310671403,Public
7704037164,Public
7951843070,Public
7695587222,Public
7673130646,Public
7577703972,Public
7476965392,Public
7223228010,Public
7157344726,Public
6966428218,Public
5973415023,Public
6493332527,Public
6486716315,Public
6442540519,Public
6438540339,Public
6346623781,Public
6347209852,Public
6285926806,Private
6187297206,Public
6065100222,Public
5810281679,Public
50807822631,Public
50218856401,Public
50706862616,Public
49644314787,Public
48642632273,Public
49847607083,Public
49598278136,Public
49293443322,Public
48851876636,Public
48628819527,Public
48181356581,Public
48172317857,Public
48162725981,Public
48027151911,Public
47981588441,Public
32673708647,Public
46544873742,Public
45442113235,Public
47438037281,Public
45156633505,Public
43391129560,Public
31426834897,Public
26881809127,Public
39063911494,Public
24002323058,Public
51179698104,Public
50534217756,Public
49931685196,Public
49994674763,Public
50349735993,Public
50781505013,Public
50584798422,Public
49971610523,Public
49674616366,Public
49723708856,Public
49694474043,Public
48742352326,Public
48161216752,Public
33473243798,Private
47054001942,Public
29072297387,Private
42018801490,Public
49674074383,Public
42603477574,Public
20768754894,Public
8688671915,Public
30307682146,Private
50501294791,Private
7735411958,Private
51056077047,Private
51025246938,Private
50946646662,Private
50815534631,Private
50566306887,Private
50332155812,Private
50248368442,Private
50200297068,Private
49968922202,Private
49513017268,Private
49538092308,Private
49394597147,Private
47963358416,Private
40644833663,Public
47472235272,Private
42464993191,Private
50619017222,Private
51081906021,Private
51113013548,Private
50209044043,Private
50095370857,Private
49471598461,Private
49348746668,Private
51111208371,Private
50265811543,Private
48875921716,Public
26149054310,Private
31239347765,Public
26481955111,Public
21272674995,Public
9615883605,Public
10418882135,Public
51189168491,Private
49149340416,Public
48440731656,Public
47808682292,Public
51211495998,Public
50025135401,Public
49883079248,Public
50024591118,Public
49964496143,Public
49658858297,Public
49658857832,Private
49488931736,Public
49487991743,Public
49488398956,Private
49488396556,Public
49456505486,Private
49346889813,Public
49217438012,Public
49064582836,Public
48946307092,Public
49053934191,Public
48995386783,Public
48995636991,Public
33940339288,Public
47038019252,Public
32111965197,Public
46919538425,Public
33347886868,Private
46459484354,Private
46459469184,Public
31987033278,Public
43507860455,Public
27433085927,Public
28070425978,Public
41038199365,Public
51214198733,Private
50724063768,Public
50061181518,Public
50061375397,Public
49912750238,Public
49858590967,Public
50134526073,Public
49855823348,Public
49768486623,Public
49642796471,Public
49630221976,Public
49628163732,Public
49310613782,Public
49205659036,Public
49035057606,Public
48942584661,Public
49013660352,Public
48920648776,Public
48408062166,Public
48401871007,Public
48310332192,Public
48140454022,Public
48057632368,Public
50814807072,Public
51020404503,Public
49002932111,Public
46500198254,Public
41069383782,Public
40258221944,Public
27903980475,Public
8119387893,Private
51185793776,Private
51142372730,Private
51141281261,Private
42328503382,Private
51047148341,Private
49692384517,Private
49674856063,Private
8965683402,Public
50990030146,Public
42750168184,Private
39098006834,Public
36366911486,Public
34238035456,Public
28997849644,Public
29387767741,Private
22656304036,Public
23852103350,Public
8306531766,Public
50702813288,Public
49982081626,Public
49628818141,Public
49102174852,Public
48899274291,Public
48324908876,Public
48365537242,Public
48357183702,Public
48336070156,Public
48330768566,Private
48154659987,Private
48314086716,Public
48068679362,Public
48020330137,Public
47958394791,Public
40466989613,Public
33683747648,Public
47393457241,Public
31398198557,Public
46978015132,Public
47010591011,Public
46082907385,Public
46930885691,Public
46336341601,Public
31689876588,Public
45848250542,Public
44296649624,Public
44990546461,Private
43355352495,Private
42792870454,Public
43384415082,Private
41431674630,Public
28350164097,Public
42311257475,Public
42797370981,Public
50337324236,Public
50680496136,Public
49923565273,Public
50909607258,Public
36593376861,Public
49523030591,Public
49636819318,Public
49056700337,Public
48949379953,Public
50047988548,Public
38307780632,Public
38307761892,Public
8932951688,Public
21577722973,Public
34555254763,Public
22256080235,Public
16939813427,Public
11968365023,Public
10372593424,Public
50011501283,Public
50294839166,Public
49978997292,Public
49629358292,Public
49053413253,Public
15744604791,Public
44238414911,Public
43295835434,Public
40774665412,Public
39967223644,Public
36782109183,Public
36254608322,Public
35615242053,Public
35181461713,Public
35254278692,Public
32891207281,Public
23611009233,Public
22558368066,Public
24129532822,Public
23047425025,Public
22207889401,Public
22010670029,Public
14922632083,Public
15257161367,Public
49275551453,Public
39493614935,Public
36154803225,Public
34474967173,Public
30487132622,Public
24830698890,Public
30567552766,Public
48729789553,Private
48124536163,Private
48096107417,Public
49068429816,Private
50944581651,Public
50064338647,Public
50042785798,Public
49949522733,Public
49862088202,Public
49753393278,Public
49479396847,Public
49512928481,Public
47894020971,Public
46799275695,Public
50903355797,Public
50988547407,Public
50901074711,Public
49721681557,Public
50151508247,Public
50150314186,Public
50919944331,Public
50720477517,Public
34363315393,Public
33134212492,Public
12875973555,Public
51061206816,Public
39553975645,Private
23220478680,Public
39513171324,Public
37841723421,Public
50034436443,Public
51194900603,Private
51128575389,Private
51127608907,Private
51125617317,Private
51125589034,Private
51125207072,Private
50983497913,Private
50984250507,Private
50983072481,Private
50962842527,Public
50865835253,Private
50746019743,Private
50788707282,Private
49253049018,Private
50441121083,Public
17458645140,Public
50495487436,Public
40365602250,Public
35729347802,Public
37189519195,Public
35060599160,Public
34702012636,Public
29504536793,Public
30051370981,Public
21948314494,Public
22557332752,Public
49256547108,Public
49256675577,Public
49255553292,Public
49118992877,Private
48491675901,Private
50086707277,Public
49999718528,Public
50000226216,Public
49813863858,Public
4007193188,Public
51192092998,Public
50029612348,Public
31835681800,Public
51144875683,Public
26147376067,Public
37241918562,Private
28549769602,Public
29997954742,Public
23712848682,Public
22050309261,Public
16668784890,Public
30382454521,Public
17880243729,Public
15983540167,Public
49041153557,Public
26637849560,Private
27355611856,Public
27255270575,Public
27482154916,Public
48323349402,Public
30617864808,Public
25471284837,Public
33430801962,Public
49714372568,Public
47208038992,Public
26485081997,Public
35901830783,Public
22248100420,Private
28847344037,Public
14640462201,Public
41328510695,Private
42229507941,Public
41263115405,Private
50978189948,Private
35572285793,Public
16014927382,Public
14565842375,Public
14782066576,Public
48980314592,Public
51081312567,Public
49310512152,Public
49504628663,Public
49982587397,Public
34003847288,Public
51216519858,Public
51033852708,Public
51157997572,Public
51158653976,Public
50903022083,Public
50756447218,Public
50712564222,Public
50499802867,Public
50499601041,Public
50439456483,Public
50314308962,Public
50080926423,Public
50149733482,Public
50080935703,Public
50021119111,Public
51034570636,Public
9818706974,Public
51220575716,Public
50170566962,Public
49772445762,Public
49460643493,Private
46130118265,Public
50952165128,Public
51074512678,Public
25040104027,Public
25882572920,Public
50602943208,Public
15571910765,Public
50720977912,Public
49591674173,Public
32495578733,Public
26174802602,Public
20607040368,Public
51078820172,Public
50313488087,Public
50244075083,Public
50012842378,Public
51119644432,Public
50726807867,Private
50722114056,Public
50670567373,Public
50102402288,Public
32983338534,Public
50327707642,Public
50266861371,Public
49902682798,Public
48087169946,Public
49988203593,Private
49552627063,Private
50644552866,Public
51092529497,Public
50012105472,Public
48764354536,Public
50892491648,Public
51048008763,Public
50559601428,Private
50945096066,Public
48977087557,Public
51126932141,Public
50572670801,Public
50364044132,Public
49851615152,Public
49356881267,Public
48774575727,Public
47845998711,Public
51163820449,Public
51141258466,Public
50887954247,Public
51013142621,Public
49345286162,Public
45975600242,Private
50958254158,Public
51111279224,Public
50441251438,Private
50279691811,Public
50083485257,Public
50067630953,Public
50068416717,Public
50067938336,Private
49754365762,Public
49518662936,Public
49332051813,Public
48825281488,Public
49567713832,Private
51130450174,Public
51145059717,Public
46791449071,Private
48872208718,Public
15535454480,Public
12686028773,Public
50827273287,Public
49825303946,Public
48624649712,Public
49949342186,Public
49919119893,Private
51033364911,Public
50294363428,Public
47939123996,Public
50777926818,Public
49582225726,Public
14216185757,Public
51188048184,Public
50869840647,Public
50769580373,Public
50299258917,Public
49836159042,Public
50041875716,Public
49091196767,Public
48001626223,Public
46635282865,Public
51112148123,Public
51048995736,Public
50915709123,Public
49840298487,Public
49839985976,Public
48069225628,Private
48254146667,Public
32665443777,Public
51114501095,Public
46769823101,Public
50071804908,Public
23855921670,Public
49042435196,Public
48206610431,Public
48970198383,Public
16610879716,Private
50405549776,Private
35213388136,Public
51136656400,Public
49933990268,Public
51077038977,Public
50450071592,Public
50358488077,Public
50552211077,Private
50385441358,Public
50317106176,Public
50252386276,Public
51176711096,Public
51141492034,Public
49929579032,Public
49490311376,Public
48576236312,Public
49559484121,Public
50304578691,Public
50300828398,Public
31198357427,Public
50442651457,Public
46922030442,Public
44694040665,Public
33929871973,Public
32970656234,Public
25664139195,Public
16031949529,Public
10690638054,Public
12418224255,Public
9927124005,Public
50443815312,Public
49562671803,Public
49066071338,Public
28619664712,Public
51144768831,Public
51111216552,Public
50814101402,Public
50469290021,Public
50429860521,Public
50198550543,Public
49977289346,Public
49866131742,Public
48609241193,Public
51161369542,Public
51106246584,Public
50926503578,Public
50529210578,Public
49328474161,Public
42994796745,Public
50218727316,Public
50569717692,Public
50678286872,Public
51144455776,Public
48785590033,Public
50627427658,Private
49313023217,Public
18081272205,Public
50744844258,Public
50744133851,Public
51101694721,Public
51174323353,Public
51140484151,Public
51033280838,Public
51013110777,Public
50879117423,Public
50969655456,Public
50918005487,Public
50836602751,Public
50736552742,Public
50559527637,Public
50557323651,Public
50352632588,Public
49997995906,Public
50004450737,Public
50725637841,Public
49640885256,Public
49640866506,Public
50141550243,Public
49904156963,Public
48796551561,Public
40265781283,Public
40978318781,Public
32768229687,Private
47585679352,Public
46554354572,Public
45396233834,Public
29472906687,Public
40477316931,Public
38888532944,Public
36344541764,Public
35148434420,Public
35368740926,Public
34890369471,Public
30367850203,Public
28836205304,Public
28897813125,Private
26253482033,Public
26432307632,Public
26406918725,Public
24188547162,Public
20623101052,Public
23897810910,Public
23978286136,Public
23556194920,Public
23031295222,Public
22994326065,Private
20971250112,Public
18536320373,Private
16660393393,Public
16349581554,Public
14640691782,Public
14608093996,Public
14380125321,Public
15277247319,Public
15277246889,Public
15335614845,Public
15219709562,Public
14973219546,Public
14807375137,Public
14449866039,Public
14618492432,Public
14101869909,Public
14277577034,Public
12682953315,Public
11798674006,Public
11625507813,Public
11625187315,Public
11625413253,Public
11139575125,Public
11117105465,Public
10293117336,Public
10042822394,Public
10979632845,Public
10303858646,Public
9896368214,Public
49251515047,Public
49096737831,Public
36753767973,Public
51113182357,Public
51009868988,Public
50890600558,Public
50845880656,Public
50840359997,Public
51210979107,Public
51201962168,Public
51100477715,Public
51046926923,Public
50790338686,Public
50686546773,Public
50434235593,Public
50429571786,Public
50685560238,Public
50531690302,Public
50233304891,Public
50155636377,Public
50084652006,Private
50320425631,Public
50177328192,Public
50041121271,Public
50023113942,Public
49187161658,Public
49900666536,Public
49568297412,Public
49653847553,Public
49643682706,Public
49590532501,Public
49570140981,Public
48899430992,Public
49332328167,Public
49303234463,Public
48956012881,Public
49165759336,Public
49042674122,Public
48787842447,Public
48199771822,Public
48052019921,Public
48260358397,Public
48090167638,Public
48016724232,Public
47961007232,Public
50855858983,Public
51047730686,Public
50891281921,Private
50762154892,Public
51147115026,Public
50764511457,Public
51132405363,Public
51163347159,Public
50965755917,Public
14903895316,Public
50689230356,Private
36117949656,Public
50917960378,Public
48624696752,Public
40617769723,Public
17444087621,Public
51167039465,Public
51041763603,Public
50704940048,Public
50252951588,Private
48250559687,Public
48117078202,Public
51195058879,Public
51184586367,Public
50184622911,Public
50937604197,Private
49470548453,Public
43358444641,Public
38715072274,Public
30757968941,Public
16538041801,Public
15319913749,Public
50243905537,Public
48057369517,Public
48057241466,Public
26772992312,Public
50548240537,Public
50019417971,Public
50007462811,Public
43506095152,Public
32280797678,Public
50899930892,Public
48790975476,Public
28228821701,Public
51065843798,Private
51052080927,Private
30888184450,Public
38288113442,Private
23845262784,Private
40682278711,Private
13915837865,Public
8397050426,Public
49734211816,Public
36840081113,Public
25112977534,Private
31148337114,Public
42262694380,Public
50082496576,Private
9200952203,Public
50369913878,Private
6090081201,Public
47601002842,Public
14859071912,Public
14758570643,Public
24093863017,Public
25911929585,Public
51113394737,Public
36616006902,Private
23921700517,Public
29407501332,Public
44274125695,Public
19897837066,Public
18581987651,Private
15797667105,Public
11588879253,Public
30318696051,Public
6170070282,Public
39610008082,Public
28911650997,Public
41648818952,Public
50984523013,Private
37362390840,Public
22786727853,Private
49585502541,Public
27720400998,Private
34904250454,Private
39645760125,Public
24942242675,Private
8158636035,Public
29358383108,Public
50740989616,Public
50627518747,Public
48264327061,Public
49204585282,Public
29613602463,Public
15647904441,Public
19155284135,Public
21244858743,Private
32624992910,Public
14021304618,Public
22137375535,Public
6455257753,Public
27437694011,Public
32274100885,Public
47042061222,Public
19894121226,Public
48069134938,Public
47951758507,Public
23538371048,Public
35161355112,Public
35161352062,Public
38707505791,Public
28219272602,Public
8152080643,Public
6097161742,Public
33596873930,Public
50661665398,Public
23000167001,Public
35179655760,Public
48868895093,Public
46764768842,Private
50613311006,Public
49906663211,Public
49620281217,Public
49145603533,Public
36697004196,Public
41524421231,Public
17837847982,Public
35614761814,Private
49791318966,Public
47810527051,Public
32866901527,Public
39979360500,Public
25322626118,Public
25051000118,Public
32151619921,Public
30734328731,Public
32686069485,Public
29383856283,Public
23652384926,Public
28743761965,Private
26492601002,Public
26037674190,Private
16794171943,Public
16539871924,Public
15623040234,Public
15376551010,Public
49858260683,Public
49117857003,Public
34648393603,Public
15066383696,Public
42027659455,Public
42027651585,Public
42929610951,Public
33619312914,Public
50309472036,Public
40427620783,Public
35454448805,Public
45690386554,Public
32538964116,Public
16877461079,Public
49615270212,Public
33918476704,Public
45856036634,Public
17075214437,Public
14807760300,Public
40239570905,Public
33707493873,Private
14329783508,Public
15863172069,Private
34482768061,Public
39672766224,Public
51030179052,Public
50832024213,Public
36928773043,Public
10798324736,Public
45989045991,Public
30467781680,Public
20065068550,Public
17887923060,Public
17238207331,Public
21154318213,Public
33813655552,Public
31883923748,Public
27584842094,Public
6271967492,Public
49465318322,Private
6858739752,Public
26175687188,Private
17010315722,Public
26098525778,Public
51165677529,Public
51145453035,Public
49918540052,Public
49589215408,Public
48687803213,Public
30307648047,Public
35734593361,Public
29580234851,Public
28309674090,Public
16581390998,Public
14111114975,Public
6806533055,Public
5802506258,Public
50814477123,Public
47952854362,Public
30631520877,Public
37003701092,Public
38521751501,Public
37021123016,Public
34921891075,Public
33086075066,Public
28915046662,Public
16946639540,Public
14305827957,Public
20046469344,Public
17035010654,Public
14771436483,Public
8641534667,Public
13982771297,Public
8435682239,Public
47574095721,Public
49916936786,Public
49505775648,Public
36411311876,Private
49610452992,Public
50168147796,Public
18986718863,Public
31666243550,Public
50340675183,Public
33141455728,Public
23952489817,Public
36063726486,Public
32608443736,Public
45215410942,Public
36098250004,Public
50229858976,Public
22503392034,Public
50148826997,Private
23953314167,Public
22706724759,Public
49982091827,Public
32707867118,Public
51085533732,Private
51164778955,Public
50348438872,Public
36368993104,Public
50975571183,Public
50811328433,Public
50713591898,Private
50623006712,Public
50360863692,Public
49598216182,Public
50034543231,Public
49401130927,Public
49264871012,Public
50018076192,Public
49749429838,Public
49804938112,Private
45233687651,Public
43501602065,Public
41856530985,Public
51178113269,Public
51098231878,Public
50616587233,Public
50522323037,Public
50403177222,Public
50212802233,Public
49452567627,Public
49441480307,Public
49213861678,Public
49132308018,Public
49020175531,Public
48797280146,Public
48502897131,Public
50901527481,Public
51097648723,Public
50703394226,Public
50683841426,Public
50587725633,Public
50170637066,Public
49204621438,Public
50730170347,Public
49024608373,Public
48121209173,Public
47941513942,Public
48119188686,Public
32795796077,Public
33455413468,Public
46307018175,Public
44104176855,Public
31579794288,Public
31102961448,Public
44564951591,Public
42859355684,Public
42251779065,Public
50246734076,Public
49692582901,Public
49157961133,Public
49128614168,Public
49044837027,Public
48131896557,Public
50708389586,Public
50020226801,Public
49979746157,Public
50913738416,Public
49507471523,Public
40957532824,Private
50555675596,Private
49379828181,Public
49731296633,Public
50951911853,Public
50368886676,Public
49615631496,Public
49567614731,Public
50372068058,Public
50801350827,Public
48601418151,Public
50829615737,Public
50100241988,Public
49451022968,Public
49878336477,Public
50672938213,Public
50913634567,Private
49327256837,Public
49685282166,Public
49815652853,Public
49627751183,Private
49836887627,Private
48667072781,Public
50194798611,Public
48537954947,Public
51214422300,Public
49573662056,Private
48894273243,Private
50663014131,Public
50644192816,Public
50862132901,Public
51035102332,Public
51127690718,Public
51064087866,Public
50685581931,Public
50507511747,Public
50244427576,Public
51018851498,Public
50282879292,Public
49876454951,Public
49504461861,Public
48356025341,Public
43854845470,Public
39757442675,Public
23916282517,Private
37292202391,Public
36018561183,Private
35796861171,Public
34083003926,Public
34251831140,Private
50228378316,Public
50653669617,Private
50385778823,Public
49436307083,Public
49652659046,Public
50046882321,Public
51009364878,Public
49592796776,Public
33045624380,Public
27197212610,Public
29181046801,Public
50095938271,Public
50737703472,Public
49745400141,Public
50713337013,Private
49310132936,Public
49505482566,Public
51032749128,Public
49704875671,Public
49703592813,Public
50901321238,Public
50887649458,Public
50792006422,Public
49534058003,Public
49978259333,Public
49928363818,Public
49412804272,Public
48486312336,Public
29925458798,Public
50984222472,Private
50823466167,Public
50766790678,Public
50706021887,Public
50326718153,Public
51022608542,Public
49921026101,Public
50021167323,Public
49057530621,Public
51175449394,Private
51023715517,Public
50642647158,Public
51177062136,Public
46921303602,Public
33677439093,Private
29487992226,Public
51135255783,Private
49970560378,Public
50336220472,Public
50236712911,Public
50003298706,Public
50036333093,Public
49826892161,Public
41850069204,Public
49787264058,Private
50613787802,Public
49778035953,Public
50663691836,Public
48626462992,Public
49197991061,Public
47333060232,Public
51172305109,Public
50335268827,Public
50342733163,Public
50130140716,Public
49753272757,Public
49841254313,Public
48823073018,Public
48690095747,Public
50823576793,Public
51024883248,Public
50040460236,Public
50823909353,Public
50204091957,Public
49646866738,Public
47938966907,Public
46795415071,Public
44890125922,Public
46139019391,Public
50879058541,Public
50450421981,Public
49846548316,Public
51066524937,Public
51161402444,Public
51003907515,Public
50952215363,Public
50823277587,Public
50502529951,Public
50395005416,Public
50280108652,Public
50120111718,Public
50208277092,Public
50060355121,Public
49796135876,Public
51179568157,Public
51194413837,Public
50622264163,Public
50304548766,Public
49961670506,Public
49911479553,Public
49804730797,Public
49576887092,Public
33848272968,Public
51184245361,Public
51097239390,Public
51016346595,Public
51070703117,Private
50991734833,Private
50345240151,Private
50336410286,Private
50307623632,Public
51110696279,Public
51170293300,Public
40288723314,Public
32581921756,Public
32568227906,Public
27137203245,Public
26994236791,Public
49571264676,Public
49428093098,Public
49771776723,Public
51093273366,Public
51204177468,Public
50389099748,Public
50269472727,Private
51067087331,Public
50899413217,Public
50954739643,Private
50954751398,Public
50421443126,Public
50421327916,Public
49742541778,Public
49935715421,Public
49945044898,Public
48094526611,Public
47323990582,Public
41308837510,Public
51223294601,Public
51007301045,Public
51000547127,Public
50741784031,Public
50667597896,Public
50866559997,Public
50147949997,Public
50043229561,Public
49343022893,Public
49338489777,Public
49634552478,Public
49550540912,Public
49174869916,Public
50852828197,Private
50120805936,Public
50104911826,Public
47559383252,Public
48844451127,Public
48299152722,Public
45320098055,Public
38904212144,Public
38771420134,Public
43750347901,Public
51116106956,Public
51181831836,Public
50979508911,Public
50954908238,Public
50785802938,Public
50624408107,Public
50490196162,Public
50177984466,Private
50369879521,Public
49778035137,Public
49418809837,Public
48833763198,Public
48660509496,Public
48646757021,Public
48623888833,Public
51104423697,Public
50814445277,Public
49327702271,Public
49593836706,Public
49102811553,Public
49092280157,Public
48813561196,Public
49047889268,Public
48514050422,Public
46580997254,Public
47564728002,Public
47220857722,Public
47564727132,Public
45732933265,Public
45732928815,Public
43508920865,Public
44156982994,Public
43065568470,Public
50885480221,Public
50226283731,Public
49924019663,Public
51197785713,Public
51195729515,Public
51178317642,Public
51010653156,Public
50992840228,Public
50614058906,Public
50343760861,Public
49907106422,Public
49656339883,Public
50945830982,Public
50903217701,Public
50801678376,Public
50723143712,Public
50596915107,Public
50188162813,Public
50152219647,Public
49160800513,Public
49140808363,Public
49589713816,Public
49328526731,Public
50952167608,Public
49195977568,Public
51012261195,Public
50738642261,Public
49577499361,Public
50446115912,Private
51051806661,Public
51038135761,Private
51133956766,Public
50729774633,Public
50862991027,Public
50566937072,Public
47598677721,Private
42454401335,Public
37198170040,Public
50991799912,Public
50978927631,Public
50341083817,Public
50410737351,Private
50539078287,Public
40854550413,Public
46651251445,Public
50778118163,Public
50427523283,Public
50991682681,Private
26739170679,Public
50096125197,Public
50858110933,Public
48447248286,Public
45344070414,Public
33255102873,Public
49529515176,Public
49524936616,Public
50361636181,Public
50467201756,Private
49881889406,Private
51092900070,Public
51002562247,Public
50947208773,Public
50896614177,Private
50863438383,Public
50583375092,Public
50678223403,Public
50103787956,Public
49942793402,Public
50165660631,Public
49597903281,Public
49669110231,Public
51007937920,Public
51002460271,Public
51096764975,Public
50389726658,Public
50336113248,Public
50193367536,Public
50150307796,Public
50079157987,Private
49498936406,Public
49447360468,Public
48449768977,Private
48448141252,Private
48350936136,Public
46888749842,Public
44780517310,Public
46347323392,Public
45074530034,Public
50581736507,Public
51197452572,Public
51127173866,Public
51127007186,Public
51127222543,Public
51015199241,Public
50913730022,Public
50713219097,Public
50730864717,Public
50394418363,Public
50434306493,Public
51101344805,Public
51106136951,Public
50953824471,Public
50341338647,Public
50144994153,Public
51100953511,Public
49288750553,Public
49494342013,Private
40747923933,Public
46899380354,Public
50122683517,Public
49989238738,Public
49322314948,Public
49322314663,Public
51122464981,Private
39371737070,Private
34051995054,Public
50080947153,Public
51188242904,Public
50817123616,Public
49840373358,Public
49192730217,Public
31512547637,Public
41078453262,Public
36065095424,Public
26731666820,Public
49854690301,Public
49430259106,Public
49846549021,Public
49483552697,Public
49482850128,Public
49783691798,Public
49760357991,Public
49672699407,Public
51014600820,Public
50998864980,Public
50642174076,Public
50058729592,Public
51222659810,Public
51070625241,Public
51070114377,Public
51118587246,Public
50893597481,Public
50857515912,Public
50763407156,Public
50435484557,Public
50495004308,Public
50412801492,Public
50408257863,Public
50380626791,Public
50375587508,Public
50202808511,Public
50237504727,Public
50145420711,Public
49838630921,Public
49869971476,Public
51097722374,Public
50639335406,Public
50605734062,Public
49984214458,Public
51059201651,Public
51221630179,Public
50632174843,Public
50515412581,Public
50417065997,Public
49756714558,Public
48989519517,Public
48434030246,Public
33859175468,Public
46213580594,Public
31786513297,Public
31345838347,Public
30340538058,Public
43547086002,Public
41493049245,Public
42804104591,Public
28562346748,Public
50956723852,Public
49545446648,Public
50628517973,Public
49830214957,Public
49799736962,Public
49904714223,Public
49790922231,Public
50601439007,Public
49626817681,Public
49626293443,Public
49738468466,Public
49918300612,Public
49710630446,Public
51218006718,Public
49416075527,Public
50866934706,Public
49375553148,Public
33992974538,Public
49457440626,Public
50971696961,Public
50171234417,Public
46968296802,Public
31947430297,Public
49445481436,Public
50676649441,Public
50810028052,Public
48644847593,Private
50978909731,Public
51022454716,Private
50782703171,Public
50025899671,Public
49869461948,Public
34694702115,Public
51220422663,Public
51175382972,Public
49580552496,Public
50980777118,Public
50733487128,Public
51170220424,Public
51055701013,Public
36168212505,Public
50366087123,Public
50378077428,Public
50111134048,Public
49054049113,Public
48682799417,Public
48671556808,Public
48474522512,Public
31789306487,Public
43344625431,Public
39945782622,Public
50300071143,Public
49466642598,Public
51202763462,Public
51196698954,Public
51149593255,Public
50853445473,Public
50724986162,Public
50304131662,Public
50163192282,Public
50147000333,Public
50085260432,Public
49839589161,Private
49822143422,Public
50261539318,Public
49853096042,Public
51210844056,Public
44439992194,Public
50443449953,Public
50402361676,Public
49664160077,Public
49023545263,Public
49275901711,Public
48940614121,Public
48845087036,Public
48327988367,Public
48522405601,Private
46037967735,Public
32145655298,Public
49317672998,Public
50493245663,Private
50254927211,Private
49259132338,Private
50896595143,Public
50353764966,Public
50000598701,Public
50001420596,Public
31780327768,Public
48701865452,Public
35962696535,Public
31409855254,Private
49777070053,Public
49873763391,Public
50996163553,Public
50974559736,Public
50341432307,Public
50065300547,Public
51120333468,Public
50494307048,Private
49786256907,Public
50910759953,Public
49268947563,Public
49209223247,Public
48436703371,Public
48413860412,Public
